BoilerType_CreateBoiler_InputArguments,256,Variable
BoilerType_CreateBoiler_OutputArguments,257,Variable
AddressDataType_Encoding_DefaultXml,258,Object
AddressDataType_Encoding_DefaultBinary,259,Object
FlowTo,286,ReferenceType
HotFlowTo,287,ReferenceType
SignalTo,288,ReferenceType
HasVendor,289,ReferenceType
GenericControllerType,290,ObjectType
GenericControllerType_Measurement,291,Variable
GenericControllerType_SetPoint,292,Variable
GenericControllerType_ControlOut,293,Variable
GenericSensorType,294,ObjectType
GenericSensorType_Output,295,Variable
GenericActuatorType,302,ObjectType
GenericActuatorType_Input,303,Variable
CustomControllerType,304,ObjectType
CustomControllerType_Input1,305,Variable
CustomControllerType_Input2,306,Variable
CustomControllerType_Input3,307,Variable
CustomControllerType_ControlOut,308,Variable
ValveType,309,ObjectType
LevelControllerType,310,ObjectType
FlowControllerType,311,ObjectType
LevelIndicatorType,312,ObjectType
FlowTransmitterType,313,ObjectType
AcmeFlowTransmitterType,314,ObjectType
AcmeFlowTransmitterType_SerialNumber,315,Variable
AcmeFlowTransmitterType_Documentation,316,Variable
AcmeFlowTransmitterType_CalibrationParameters,317,Variable
AcmeFlowTransmitterType_Calibrate,318,Method
BoilerInputPipeType,319,ObjectType
BoilerInputPipeType_FlowTransmitter1,320,Object
BoilerInputPipeType_Valve,321,Object
BoilerDrumType,322,ObjectType
BoilerDrumType_LevelIndicator,323,Object
BoilerOutputPipeType,324,ObjectType
BoilerOutputPipeType_FlowTransmitter2,325,Object
BoilerType,326,ObjectType
BoilerType_InputPipe,327,Object
BoilerType_InputPipe_FlowTransmitter1,328,Object
BoilerType_InputPipe_FlowTransmitter1_Output,329,Variable
BoilerType_InputPipe_Valve,330,Object
BoilerType_InputPipe_Valve_Input,331,Variable
BoilerType_Drum,332,Object
BoilerType_Drum_LevelIndicator,333,Object
BoilerType_Drum_LevelIndicator_Output,334,Variable
BoilerType_OutputPipe,335,Object
BoilerType_OutputPipe_FlowTransmitter2,336,Object
BoilerType_OutputPipe_FlowTransmitter2_Output,337,Variable
BoilerType_FlowController,338,Object
BoilerType_FlowController_Measurement,339,Variable
BoilerType_FlowController_SetPoint,340,Variable
BoilerType_FlowController_ControlOut,341,Variable
BoilerType_LevelController,342,Object
BoilerType_LevelController_Measurement,343,Variable
BoilerType_LevelController_SetPoint,344,Variable
BoilerType_LevelController_ControlOut,345,Variable
BoilerType_CustomController,346,Object
BoilerType_CustomController_Input1,347,Variable
BoilerType_CustomController_Input2,348,Variable
BoilerType_CustomController_Input3,349,Variable
BoilerType_CustomController_ControlOut,350,Variable
BoilerType_CreateBoiler,352,Method
MaintenanceEventType,353,ObjectType
MaintenanceEventType_MustCompleteByDate,354,Variable
MaintenanceEventType_IsScheduled,355,Variable
Maintenance2EventType,356,ObjectType
Maintenance2EventType_WorkorderId,357,Variable
AddressDataType,358,DataType
AddressType,359,VariableType
VendorType,360,ObjectType
VendorType_CompanyName,361,Variable
VendorType_Locations,362,Object
Boiler1,363,Object
Boiler1_InputPipe,364,Object
Boiler1_InputPipe_FlowTransmitter1,365,Object
AcmeFlowTransmitterType_Calibrate_InputArguments,378,Variable
AcmeFlowTransmitterType_Calibrate_OutputArguments,379,Variable
Dictionary_XmlSchema,380,Variable
Dictionary_BinarySchema,381,Variable
Dictionary_XmlSchema_AddressDataType,387,Variable
Dictionary_BinarySchema_AddressDataType,393,Variable
Samples,394,Object
GenerateValuesEventType,395,ObjectType
GenerateValuesEventType_Iterations,396,Variable
GenerateValuesEventType_NewValueCount,397,Variable
TestDataObjectType,398,ObjectType
TestDataObjectType_SimulationActive,399,Variable
TestDataObjectType_GenerateValues,400,Method
ScalarValueDataType,401,DataType
ScalarValueObjectType,402,ObjectType
ScalarValueObjectType_BooleanValue,403,Variable
ScalarValueObjectType_SByteValue,404,Variable
ScalarValueObjectType_ByteValue,405,Variable
ScalarValueObjectType_Int16Value,406,Variable
ScalarValueObjectType_UInt16Value,407,Variable
ScalarValueObjectType_Int32Value,408,Variable
ScalarValueObjectType_UInt32Value,409,Variable
ScalarValueObjectType_Int64Value,410,Variable
ScalarValueObjectType_UInt64Value,411,Variable
ScalarValueObjectType_FloatValue,412,Variable
ScalarValueObjectType_DoubleValue,413,Variable
ScalarValueObjectType_StringValue,414,Variable
ScalarValueObjectType_DateTimeValue,415,Variable
ScalarValueObjectType_GuidValue,416,Variable
ScalarValueObjectType_ByteStringValue,417,Variable
ScalarValueObjectType_XmlElementValue,418,Variable
ScalarValueObjectType_NodeIdValue,419,Variable
ScalarValueObjectType_ExpandedNodeIdValue,420,Variable
ScalarValueObjectType_QualifiedNameValue,421,Variable
ScalarValueObjectType_LocalizedTextValue,422,Variable
ScalarValueObjectType_StatusCodeValue,423,Variable
ScalarValueObjectType_VariantValue,424,Variable
ScalarValueObjectType_StructureValue,426,Variable
ArrayValueDataType,430,DataType
ArrayValueObjectType,431,ObjectType
ArrayValueObjectType_BooleanValue,432,Variable
ArrayValueObjectType_SByteValue,433,Variable
ArrayValueObjectType_ByteValue,434,Variable
ArrayValueObjectType_Int16Value,435,Variable
ArrayValueObjectType_UInt16Value,436,Variable
ArrayValueObjectType_Int32Value,437,Variable
ArrayValueObjectType_UInt32Value,438,Variable
ArrayValueObjectType_Int64Value,439,Variable
ArrayValueObjectType_UInt64Value,440,Variable
ArrayValueObjectType_FloatValue,441,Variable
ArrayValueObjectType_DoubleValue,442,Variable
ArrayValueObjectType_StringValue,443,Variable
ArrayValueObjectType_DateTimeValue,444,Variable
ArrayValueObjectType_GuidValue,445,Variable
ArrayValueObjectType_ByteStringValue,446,Variable
ArrayValueObjectType_XmlElementValue,447,Variable
ArrayValueObjectType_NodeIdValue,448,Variable
ArrayValueObjectType_ExpandedNodeIdValue,449,Variable
ArrayValueObjectType_QualifiedNameValue,450,Variable
ArrayValueObjectType_LocalizedTextValue,451,Variable
ArrayValueObjectType_StatusCodeValue,452,Variable
ArrayValueObjectType_VariantValue,453,Variable
ArrayValueObjectType_StructureValue,455,Variable
Data,459,Object
Data_Static,460,Object
Data_Static_Scalar,461,Object
Data_Static_Array,462,Object
TestDataObjectType_GenerateValues_InputArguments,468,Variable
ScalarValueDataType_Encoding_DefaultXml,469,Object
ScalarValueDataType_Encoding_DefaultBinary,470,Object
ArrayValueDataType_Encoding_DefaultXml,471,Object
ArrayValueDataType_Encoding_DefaultBinary,472,Object
Dictionary_XmlSchema_ScalarValueDataType,473,Variable
Dictionary_XmlSchema_ArrayValueDataType,474,Variable
Dictionary_BinarySchema_ScalarValueDataType,475,Variable
Dictionary_BinarySchema_ArrayValueDataType,476,Variable
